donor_id,first_name,last_name,donation_date,donor_phone,donor_email
1,Conrad,Monck,9/8/2024,(358) 2652757,cmonck0@marriott.com
2,Darcie,Verey,11/6/2024,(175) 9359406,dverey1@hp.com
3,Buck,Slocket,4/4/2025,(452) 4689086,bslocket2@twitter.com
4,Neil,Wandtke,6/22/2025,(229) 6572104,nwandtke3@chicagotribune.com
5,Abigail,Boreham,8/16/2024,(134) 9138987,aboreham4@google.pl
6,Dreddy,Ffrench,12/11/2024,(344) 3929741,dffrench5@upenn.edu
7,Johnnie,Jerg,2/10/2025,(744) 9072282,jjerg6@nbcnews.com
8,Sybyl,Peerman,10/13/2024,(954) 9130514,speerman7@deliciousdays.com
9,Ives,MacAndreis,10/30/2024,(809) 5294841,imacandreis8@tinyurl.com
10,Sharlene,Armatys,11/30/2024,(683) 7294618,sarmatys9@flavors.me
11,Obed,Frill,1/13/2025,(721) 2158517,ofrilla@telegraph.co.uk
12,Molli,Dunklee,12/12/2024,(170) 4444735,mdunkleeb@jalbum.net
13,Thebault,Pennetta,8/22/2024,(983) 5573925,tpennettac@dedecms.com
14,Amye,Jeffes,3/12/2025,(704) 5741022,ajeffesd@wikia.com
15,Arlen,holmes,12/12/2024,(398) 2247722,aholmese@accuweather.com
16,Leonelle,Nulty,6/29/2025,(705) 2789111,lnultyf@ucla.edu
17,Man,Sawers,6/24/2025,(283) 1338701,msawersg@blinklist.com
18,Sheilah,Clemencet,4/2/2025,(381) 9232834,sclemenceth@bloomberg.com
19,Lebbie,Feek,9/1/2024,(906) 6402262,lfeeki@webs.com
20,Esmeralda,Bagenal,3/28/2025,(315) 5731183,ebagenalj@noaa.gov
21,Hart,Olivie,9/30/2024,(549) 1997122,holiviek@cam.ac.uk
22,Tamas,McCoughan,1/12/2025,(412) 4927054,tmccoughanl@linkedin.com
23,Hortensia,Conti,9/24/2024,(705) 6340987,hcontim@jigsy.com
24,Ignatius,Dronsfield,5/5/2025,(241) 7604838,idronsfieldn@patch.com
25,Joya,Yosifov,12/16/2024,(716) 7709885,jyosifovo@livejournal.com
26,Earlie,Muehler,5/19/2025,(149) 7351809,emuehlerp@arstechnica.com
27,Harald,Tatford,1/16/2025,(836) 7635557,htatfordq@ted.com
28,Hephzibah,Edsall,9/19/2024,(757) 7511837,hedsallr@nymag.com
29,Ursula,Underhill,11/10/2024,(915) 2900922,uunderhills@xrea.com
30,Torrin,Barrowcliffe,4/5/2025,(477) 1079306,tbarrowcliffet@privacy.gov.au
31,Hilary,Maggiori,4/7/2025,(547) 1439246,hmaggioriu@adobe.com
32,Odette,Langstaff,2/15/2025,(318) 9747231,olangstaffv@php.net
33,Loria,Braybrookes,2/17/2025,(704) 2978105,lbraybrookesw@creativecommons.org
34,Lorenzo,Trowel,6/19/2025,(619) 7841623,ltrowelx@wiley.com
35,Melisse,Bogaert,5/27/2025,(325) 7472039,mbogaerty@xing.com
36,Cull,Annable,7/6/2025,(860) 1723002,cannablez@uiuc.edu
37,Molly,Chaters,11/22/2024,(597) 9778124,mchaters10@nydailynews.com
38,Alessandra,Frayn,7/21/2025,(248) 5756006,afrayn11@adobe.com
39,Elinor,Prestedge,10/28/2024,(939) 2336745,eprestedge12@tripadvisor.com
40,Leesa,Carlill,5/12/2025,(895) 6901448,lcarlill13@cafepress.com
